Model,C,epsilon,sigma,gamma,sym_type,mtry,cv_MAPE_pct,cv_SE
SVR-MAPE,1,0.01,7.071,0.010000191803678796,NA,NA,3.372601027318256,0.16790036909580994
SVR-MAPE + Sym. Kernel,10,1,7.071,0.010000191803678796,odd,NA,3.238051495812401,0.21745549727364089
LS-RMSPE,10,NA,2.236,0.10000608036968646,NA,NA,3.671650671910525,0.14700519066363982
LS-RMSPE + Sym. Kernel,10,NA,2.236,0.10000608036968646,odd,NA,3.3706469623626725,0.19289649968370876
ε-SVR (MSE),10,NA,0.224,9.964923469387754,NA,NA,3.382620916966666,0.1810077973675716
Random Forest,NA,NA,NA,NA,NA,4,4.529300164881368,0.09213687589215336
